"","Sum Sq","Df","F value","Pr(>F)"
"(Intercept)",7.40838021731975,1,0.856829979194762,0.357719580490962
"Year",6.46531106871623,1,0.747757564540872,0.390059076430066
"means.Sr.4",80.8120774974345,1,9.34647097606219,0.00313445269645799
"Agrorepe",15.1330505207671,1,1.75024107598426,0.190032788851804
"NO3Soil",0.924344134245985,1,0.106906738326306,0.744642299656006
"edgeeffect",7.96923267671752,1,0.921696412479822,0.340242940709465
"Residuals",622.531177245114,72,NA,NA
